[
    {
        "rows": [
            [
                {
                    "name": "firstName"
                },
                {
                    "name": "lastName"
                },
                {
                    "name": "otherName"
                },
                false
            ],
            [
                {
                    "name": "nationality"
                },
                {
                    "name": "gender"
                }
            ],
            [
                {
                    "name": "dateofbirth"
                },
                {
                    "name": "age"
                }
            ],
            [
                {
                    "name": "idType"
                },
                {
                    "name": "idNumber"
                }
            ],
            [
                {
                    "name": "languagesSpoken"
                },
                {
                    "name": "preferredLanguage"
                }
            ]
        ],
        "dynamicLogicVisible": null,
        "style": "success",
        "dynamicLogicStyled": null,
        "tabBreak": false,
        "hidden": false,
        "noteText": null,
        "customLabel": "Overview"
    },
    {
        "rows": [
            [
                {
                    "name": "country"
                },
                {
                    "name": "province"
                }
            ],
            [
                {
                    "name": "addressCity"
                },
                {
                    "name": "addressPostalCode"
                },
                false,
                false
            ]
        ],
        "dynamicLogicVisible": null,
        "style": "success",
        "dynamicLogicStyled": null,
        "tabBreak": false,
        "tabLabel": null,
        "hidden": false,
        "noteText": null,
        "noteStyle": "info",
        "customLabel": "Address"
    },
    {
        "rows": [
            [
                {
                    "name": "phoneNumber"
                },
                {
                    "name": "emailAddress"
                }
            ]
        ],
        "dynamicLogicVisible": null,
        "style": "success",
        "dynamicLogicStyled": null,
        "tabBreak": false,
        "tabLabel": null,
        "hidden": false,
        "noteText": null,
        "noteStyle": "info",
        "customLabel": "Contact Information"
    },
    {
        "rows": [
            [
                {
                    "name": "disabilityType"
                },
                {
                    "name": "vulnerabilityType"
                }
            ],
            [
                {
                    "name": "isThisMemberAPregnantWoman"
                },
                false
            ],
            [
                {
                    "name": "cHousehold"
                },
                {
                    "name": "isThisMemberAHeadOfHousehold"
                }
            ]
        ],
        "dynamicLogicVisible": null,
        "style": "success",
        "dynamicLogicStyled": null,
        "tabBreak": false,
        "tabLabel": null,
        "hidden": false,
        "noteText": null,
        "noteStyle": "info",
        "customLabel": "Individual Information"
    }
]