{
    "fields": {
        "name": {
            "type": "personName",
            "isPersonalData": true
        },
        "salutationName": {
            "type": "enum",
            "options": [
                "",
                "mr.",
                "ms.",
                "mrs.",
                "dr."
            ],
            "style": {
                "": null,
                "mr.": null,
                "ms.": null,
                "mrs.": null,
                "dr.": null
            }
        },
        "firstName": {
            "type": "varchar",
            "maxLength": 100
        },
        "lastName": {
            "type": "varchar",
            "maxLength": 100,
            "required": true,
            "isPersonalData": true,
            "options": []
        },
        "description": {
            "type": "text"
        },
        "emailAddress": {
            "notStorable": true,
            "type": "email",
            "isPersonalData": true,
            "required": true
        },
        "phoneNumber": {
            "type": "phone",
            "typeList": [
                "Mobile",
                "Office",
                "Home",
                "Fax",
                "Other"
            ],
            "defaultType": "Mobile",
            "isPersonalData": true
        },
        "address": {
            "type": "address",
            "isPersonalData": true
        },
        "addressStreet": {
            "type": "text",
            "maxLength": 255,
            "dbType": "varchar",
	    "audited": true
        },
        "addressCity": {
            "type": "varchar",
	    "audited": true
        },
        "addressState": {
            "type": "varchar",
	    "audited": true
        },
        "addressCountry": {
            "type": "varchar",
	    "audited": true
        },
        "addressPostalCode": {
            "type": "varchar",
	    "audited": true
        },
        "createdAt": {
            "type": "datetime",
            "readOnly": true
        },
        "modifiedAt": {
            "type": "datetime",
            "readOnly": true
        },
        "createdBy": {
            "type": "link",
            "readOnly": true,
            "view": "views/fields/user"
        },
        "modifiedBy": {
            "type": "link",
            "readOnly": true,
            "view": "views/fields/user"
        },
        "assignedUser": {
            "type": "link",
            "required": false,
            "view": "views/fields/assigned-user",
	    "audited": true
        },
        "teams": {
            "type": "linkMultiple",
            "view": "views/fields/teams",
            "required": true,
	    "audited": true
        },
        "password": {
            "type": "varchar",
            "maxLength": 100,
            "options": [],
            "isCustom": false,
	    "audited": true
        },
        "gender": {
            "type": "enum",
            "options": [
                "",
                "male",
                "female",
                "neutral"
            ],
            "style": {
                "": null,
                "male": null,
                "female": null,
                "neutral": null
            },
            "maxLength": 100,
            "isCustom": false,
	    "audited": true
        },
        "userName": {
            "type": "varchar",
            "maxLength": 50,
            "options": [],
            "tooltip": true,
            "isCustom": false,
            "required": true,
            "pattern": "$noAsciiSpecialCharacters",
	    "audited": true
        },
        "title": {
            "type": "varchar",
            "maxLength": 100,
            "options": [],
            "pattern": "$noBadCharacters",
            "isCustom": false,
	    "audited": true
        },
        "status": {
            "type": "enum",
            "options": [
                "active",
                "inactive"
            ],
            "style": {
                "active": "success",
                "inactive": "danger"
            },
            "default": "active",
            "maxLength": 100,
            "isCustom": false,
	    "audited": true
        },
        "resetPassword": {
            "notNull": true,
            "type": "bool",
            "tooltip": true,
            "isCustom": false,
	    "audited": true
        },
        "isActive": {
            "notNull": true,
            "type": "bool",
            "default": true,
            "tooltip": true,
            "isCustom": false,
	    "audited": true
        }
    },
    "links": {
        "createdBy": {
            "type": "belongsTo",
            "entity": "User"
        },
        "modifiedBy": {
            "type": "belongsTo",
            "entity": "User"
        },
        "assignedUser": {
            "type": "belongsTo",
            "entity": "User"
        },
        "teams": {
            "type": "hasMany",
            "entity": "Team",
            "relationName": "entityTeam",
            "layoutRelationshipsDisabled": true
        },
        "meetings": {
            "type": "hasMany",
            "entity": "Meeting",
            "foreign": "parent",
            "layoutRelationshipsDisabled": true
        },
        "calls": {
            "type": "hasMany",
            "entity": "Call",
            "foreign": "parent",
            "layoutRelationshipsDisabled": true
        },
        "tasks": {
            "type": "hasChildren",
            "entity": "Task",
            "foreign": "parent",
            "layoutRelationshipsDisabled": true
        }
    },
    "collection": {
        "orderBy": "createdAt",
        "order": "desc",
        "textFilterFields": [
            "name"
        ],
        "fullTextSearch": false,
        "countDisabled": false
    },
    "indexes": {
        "firstName": {
            "columns": [
                "firstName",
                "deleted"
            ]
        },
        "name": {
            "columns": [
                "firstName",
                "lastName"
            ]
        },
        "assignedUser": {
            "columns": [
                "assignedUserId",
                "deleted"
            ]
        },
        "createdAt": {
            "columns": [
                "createdAt"
            ]
        },
        "createdAtId": {
            "unique": true,
            "columns": [
                "createdAt",
                "id"
            ]
        }
    },
    "optimisticConcurrencyControl": false
}
