{
    "fields": {
        "name": {
            "type": "varchar",
            "required": true,
            "pattern": "$noBadCharacters",
            "readOnly": true,
            "options": [],
            "default": "Household"
        },
        "description": {
            "type": "text"
        },
        "createdAt": {
            "type": "datetime",
            "readOnly": true
        },
        "modifiedAt": {
            "type": "datetime",
            "readOnly": true
        },
        "createdBy": {
            "type": "link",
            "readOnly": true,
            "view": "views/fields/user"
        },
        "modifiedBy": {
            "type": "link",
            "readOnly": true,
            "view": "views/fields/user"
        },
        "assignedUser": {
            "type": "link",
            "required": false,
            "view": "views/fields/assigned-user",
            "audited": true
        },
        "teams": {
            "type": "linkMultiple",
            "view": "views/fields/teams",
            "audited": true
        },
        "memberCount": {
            "type": "int",
            "required": false,
            "audited": true,
            "min": 1,
            "max": 100,
            "isCustom": false,
            "readOnly": false
        },
        "hHId": {
            "type": "varchar",
            "maxLength": 100,
            "options": [],
            "isCustom": false,
	    "audited": true
        },
        "calculatedMale": {
            "type": "int",
            "audited": true,
            "isCustom": false
        },
        "cPersonAffected": {
            "type": "linkMultiple",
            "layoutDetailDisabled": false,
            "layoutMassUpdateDisabled": false,
            "layoutListDisabled": false,
            "noLoad": false,
            "importDisabled": false,
            "exportDisabled": false,
            "customizationDisabled": false,
            "isCustom": false,
	    "audited": true
        },
        "calculatedFemale": {
            "type": "int",
            "audited": true,
            "isCustom": false
        },
        "calculatedPregnant": {
            "type": "int",
            "audited": true,
            "isCustom": false
        },
        "calculatedChildren": {
            "type": "int",
            "audited": true,
            "isCustom": false
        },
        "cHeadOfHouseHold": {
            "type": "link",
	    "audited": true,
	    "isCustom": false
        },
        "internalID": {
            "type": "number",
            "len": 36,
            "notNull": false,
            "unique": false,
            "nextNumber": 18,
            "padLength": 6,
            "prefix": "HH",
            "isCustom": false,
	    "audited": true
        },
        "calculatedTempMale": {
            "type": "int",
            "isCustom": false,
            "default": null
        },
        "calculatedTempFemale": {
            "type": "int",
            "isCustom": false,
            "default": null
        },
        "calculatedTempChildren": {
            "type": "int",
            "isCustom": false
        },
        "calculatedTempPregnant": {
            "type": "int",
            "isCustom": false
        },
        "cTempHeadOfHouseHold": {
            "type": "varchar",
            "maxLength": 100,
            "options": [],
            "isCustom": false
        }
    },
    "links": {
        "createdBy": {
            "type": "belongsTo",
            "entity": "User"
        },
        "modifiedBy": {
            "type": "belongsTo",
            "entity": "User"
        },
        "assignedUser": {
            "type": "belongsTo",
            "entity": "User"
        },
        "teams": {
            "type": "hasMany",
            "entity": "Team",
            "relationName": "entityTeam",
            "layoutRelationshipsDisabled": true
        },
        "cPersonAffected": {
            "type": "hasMany",
            "foreign": "cHousehold",
            "entity": "CPersonAffected",
            "audited": true,
            "isCustom": false
        },
        "cHeadOfHouseHold": {
            "type": "belongsTo",
            "foreign": "cHouseholdHO",
            "entity": "CPersonAffected",
            "isCustom": false
        }
    },
    "collection": {
        "orderBy": "createdAt",
        "order": "desc",
        "textFilterFields": [
            "name"
        ],
        "fullTextSearch": false,
        "countDisabled": false
    },
    "indexes": {
        "name": {
            "columns": [
                "name",
                "deleted"
            ]
        },
        "assignedUser": {
            "columns": [
                "assignedUserId",
                "deleted"
            ]
        },
        "createdAt": {
            "columns": [
                "createdAt"
            ]
        },
        "createdAtId": {
            "unique": true,
            "columns": [
                "createdAt",
                "id"
            ]
        }
    },
    "optimisticConcurrencyControl": false
}
