{
    "fields": {
        "parent": {
            "entityList": [
                "Account",
                "Contact",
                "Lead",
                "Opportunity",
                "Case",
                "CProgram",
                "CTask",
                "CPersonAffected",
                "CCUser"
            ]
        },
        "cTaskID": {
            "type": "number",
            "len": 36,
            "notNull": false,
            "unique": false,
            "nextNumber": 1,
            "padLength": 5,
            "prefix": "TA",
            "isCustom": true
        }
    },
    "collection": {
        "orderBy": "createdAt",
        "order": "desc",
        "textFilterFields": [
            "name"
        ],
        "fullTextSearch": false,
        "countDisabled": false
    },
    "optimisticConcurrencyControl": false
}