{
    "controller": "controllers/record",
    "boolFilterList": [
        "onlyMy"
    ],
    "sidePanels": {
        "detail": [
            {
                "name": "activities",
                "label": "Activities",
                "view": "crm:views/record/panels/activities",
                "aclScope": "Activities"
            },
            {
                "name": "history",
                "label": "History",
                "view": "crm:views/record/panels/history",
                "aclScope": "Activities"
            },
            {
                "name": "tasks",
                "label": "Tasks",
                "view": "crm:views/record/panels/tasks",
                "aclScope": "Task"
            }
        ]
    },
    "color": "#ffff94",
    "iconClass": "fas fa-user-nurse",
    "kanbanViewMode": false
}