[
    {
        "rows": [
            [
                {
                    "name": "userName"
                },
                false
            ],
            [
                {
                    "name": "name"
                },
                {
                    "name": "title"
                }
            ],
            [
                {
                    "name": "emailAddress"
                },
                {
                    "name": "phoneNumber"
                }
            ],
            [
                {
                    "name": "gender"
                },
                false
            ]
        ],
        "style": "default",
        "label": ""
    },
    {
        "rows": [
            [
                {
                    "name": "isActive"
                },
                {
                    "name": "resetPassword"
                }
            ]
        ],
        "style": "default",
        "noteStyle": "info",
        "label": ""
    }
]