[
    {
        "rows": [
            [
                {
                    "name": "taskID"
                },
                false
            ],
            [
                {
                    "name": "taskName"
                },
                {
                    "name": "taskStatus"
                }
            ],
            [
                {
                    "name": "dueDate"
                },
                {
                    "name": "cProgram"
                }
            ],
            [
                {
                    "name": "description"
                },
                false
            ]
        ],
        "style": "default",
        "label": ""
    }
]