{
    "fields": {
        "cProvince": {
            "type": "enum",
            "audited": true,
            "options": [
                "bacsKiskun",
                "baranya",
                "bekes",
                "borsodAbaujZemplen",
                "budapest",
                "csongrad",
                "fejer",
                "gyorMosonSopron",
                "hajduBihar",
                "heves",
                "jaszNagykunSzolnok",
                "komaromEsztergom",
                "nograd",
                "pestMegye",
                "somogy",
                "szabolcsSzatmarBereg",
                "tolna",
                "vas",
                "veszprem",
                "zala",
                "aneniiNoi",
                "balti",
                "basarabeasca",
                "bender",
                "briceni",
                "cahul",
                "calarasi",
                "cantemir",
                "causeni",
                "chisinau",
                "cimislia",
                "criuleni",
                "donduseni",
                "drochia",
                "dubasari",
                "edinet",
                "falesti",
                "floresti",
                "glodeni",
                "hincesti",
                "ialoveni",
                "leova",
                "nisporeni",
                "ocnita",
                "orhei",
                "rezina",
                "riscani",
                "singerei",
                "soldanesti",
                "soroca",
                "stefanVoda",
                "straseni",
                "taraclia",
                "telenesti",
                "transnistria",
                "ungheni",
                "unitateTeritorialaAutonomaGagauzia",
                "dolnoslaskie",
                "kujawskoPomorskie",
                "lubelskie",
                "lubuskie",
                "odzkie",
                "maopolskie",
                "mazowieckie",
                "opolskie",
                "podkarpackie",
                "podlaskie",
                "pomorskie",
                "slaskie",
                "swietokrzyskie",
                "warminskoMazurskie",
                "wielkopolskie",
                "zachodniopomorskie",
                "nordEst",
                "sudEst",
                "sud",
                "sudVest",
                "vest",
                "nordVest",
                "centru",
                "bucurestiIlfov",
                "bratislavskyKraj",
                "trnavskyKraj",
                "trencianskyKraj",
                "nitrianskyKraj",
                "zilinskyKraj",
                "banskobystrickyKraj",
                "presovskyKraj",
                "kosickyKraj"
            ],
            "maxLength": 100
        }
    }
}