{
    "fields": {
        "name": {
            "type": "varchar",
            "required": false,
            "pattern": "$noBadCharacters",
            "audited": true,
            "options": []
        },
        "description": {
            "type": "text",
            "audited": true,
            "required": false
        },
        "createdAt": {
            "notNull": false,
            "type": "datetime",
            "readOnly": false,
            "audited": true,
            "minuteStep": 30
        },
        "modifiedAt": {
            "notNull": false,
            "type": "datetime",
            "readOnly": true,
            "audited": true,
            "minuteStep": 30
        },
        "createdBy": {
            "type": "link",
            "readOnly": true,
            "view": "views/fields/user",
            "audited": true
        },
        "modifiedBy": {
            "type": "link",
            "readOnly": true,
            "view": "views/fields/user",
            "audited": true
        },
        "assignedUser": {
            "type": "link",
            "required": false,
            "view": "views/fields/assigned-user",
            "audited": true
        },
        "teams": {
            "type": "linkMultiple",
            "view": "views/fields/teams",
            "audited": true
        },
        "programID": {
            "type": "varchar",
            "required": true,
            "maxLength": 100,
            "options": [],
            "audited": true,
            "pattern": "$noBadCharacters"
        },
        "programName": {
            "type": "varchar",
            "required": true,
            "maxLength": 100,
            "options": [],
            "pattern": "$noBadCharacters",
            "audited": true
        },
        "startDate": {
            "notNull": false,
            "type": "date",
            "required": true,
            "audited": true
        },
        "endDate": {
            "notNull": false,
            "type": "date",
            "required": true,
            "audited": true
        },
        "donor": {
            "type": "text",
            "required": true,
            "rowsMin": 2,
            "cutHeight": 200,
            "audited": true
        },
        "inclusionCriteria": {
            "type": "text",
            "required": true,
            "rowsMin": 2,
            "cutHeight": 200,
            "audited": true
        },
        "programStatus": {
            "type": "enum",
            "required": true,
            "options": [
                "inactive",
                "planned",
                "active",
                "completed"
            ],
            "style": {
                "inactive": "danger",
                "planned": "warning",
                "active": "primary",
                "completed": "success"
            },
            "default": "planned",
            "isSorted": true,
            "audited": true,
            "maxLength": 100
        },
        "cTasks": {
            "type": "linkMultiple",
            "layoutDetailDisabled": false,
            "layoutMassUpdateDisabled": false,
            "layoutListDisabled": false,
            "noLoad": false,
            "importDisabled": false,
            "exportDisabled": false,
            "customizationDisabled": false,
            "audited": true
        },
        "cPersonAffecteds": {
            "type": "linkMultiple",
            "layoutDetailDisabled": false,
            "layoutMassUpdateDisabled": false,
            "layoutListDisabled": false,
            "noLoad": false,
            "importDisabled": false,
            "exportDisabled": false,
            "customizationDisabled": false,
            "audited": true
        }
    },
    "links": {
        "createdBy": {
            "type": "belongsTo",
            "entity": "User"
        },
        "modifiedBy": {
            "type": "belongsTo",
            "entity": "User"
        },
        "assignedUser": {
            "type": "belongsTo",
            "entity": "User"
        },
        "teams": {
            "type": "hasMany",
            "entity": "Team",
            "relationName": "entityTeam",
            "layoutRelationshipsDisabled": true
        },
        "meetings": {
            "type": "hasMany",
            "entity": "Meeting",
            "foreign": "parent",
            "layoutRelationshipsDisabled": true
        },
        "calls": {
            "type": "hasMany",
            "entity": "Call",
            "foreign": "parent",
            "layoutRelationshipsDisabled": true
        },
        "tasks": {
            "type": "hasChildren",
            "entity": "Task",
            "foreign": "parent",
            "layoutRelationshipsDisabled": true,
            "audited": true
        },
        "emails": {
            "type": "hasChildren",
            "entity": "Email",
            "foreign": "parent",
            "layoutRelationshipsDisabled": true,
            "audited": true
        },
        "cTasks": {
            "type": "hasMany",
            "foreign": "cProgram",
            "entity": "CTask",
            "audited": true
        },
        "cPersonAffecteds": {
            "type": "hasMany",
            "relationName": "cCProgramCPersonAffected",
            "foreign": "cPrograms",
            "entity": "CPersonAffected",
            "audited": true
        }
    },
    "collection": {
        "orderBy": "createdAt",
        "order": "desc",
        "textFilterFields": [
            "name"
        ],
        "fullTextSearch": false,
        "countDisabled": false
    },
    "indexes": {
        "name": {
            "columns": [
                "name",
                "deleted"
            ]
        },
        "assignedUser": {
            "columns": [
                "assignedUserId",
                "deleted"
            ]
        },
        "createdAt": {
            "columns": [
                "createdAt"
            ]
        },
        "createdAtId": {
            "unique": true,
            "columns": [
                "createdAt",
                "id"
            ]
        }
    },
    "optimisticConcurrencyControl": false
}