{
    "fields": {
        "parent": {
            "entityList": [
                "Account",
                "Contact",
                "Lead",
                "Opportunity",
                "Case",
                "CProgram",
                "CTask",
                "CPersonAffected"
            ]
        },
        "cTaskID": {
            "type": "number",
            "len": 36,
            "notNull": false,
            "unique": false,
            "nextNumber": 1,
            "padLength": 5,
            "prefix": "TA"
        },
        "status": {
            "options": [
                "toDO",
                "inProgress",
                "done",
                "deferred"
            ],
            "style": {
                "toDO": "primary",
                "inProgress": "info",
                "done": "success",
                "deferred": "danger"
            },
            "default": "toDO",
            "notActualOptions": []
        }
    },
    "collection": {
        "orderBy": "createdAt",
        "order": "desc",
        "textFilterFields": [
            "name"
        ],
        "fullTextSearch": false,
        "countDisabled": false
    },
    "optimisticConcurrencyControl": false
}