{
    "entity": true,
    "layouts": true,
    "tab": true,
    "acl": true,
    "aclPortal": true,
    "aclPortalLevelList": [
        "all",
        "account",
        "contact",
        "own",
        "no"
    ],
    "customizable": true,
    "importable": true,
    "notifications": true,
    "hasPersonalData": true,
    "duplicateCheckFieldList": [
        "name",
        "emailAddress"
    ],
    "stream": true,
    "disabled": false,
    "type": "Person",
    "module": "Custom",
    "object": true,
    "isCustom": false,
    "statusField": null,
    "kanbanStatusIgnoreList": null,
    "stars": false
}